tree_id,username,label,1,2,3,4,5,6,7,8,9,10,11,12,13,14,15,16,17,18,19,20,21,22,23,24,25,26,27,28,29,30,31,32,33,34,35,36,37,38,39,40,41,42,43,44,45,46,47,48
6jmube,paul_aka_paul,0.0,1.5018900843510355e-05,1.7492300863256795e-05,-1.083805928930148e-05,-3.736731724583074e-05,-4.544687064792507e-06,-1.366793809551048e-05,3.0107280440706513e-05,7.638482515272197e-06,-6.3256725964432705e-06,4.690254805030069e-06,2.618064467646833e-06,-4.3579077363393866e-05,3.54898966019795e-06,1.4198357292991793e-05,-1.417403131941029e-05,1.5039321911630154e-05,2.9540559228227523e-07,-4.806879255126456e-05,2.817555217647405e-06,-5.533360328457481e-06,-4.892652279569114e-07,2.566001340035573e-06,-8.951352295209818e-06,-3.4300813765673336e-05,0.0001709787878780441,0.0,0.0,0.0,0.0,0.0,0.0,0.0,0.0,0.0,0.0,0.0,0.0,0.0,0.0,0.0,0.0,0.0,0.0,0.0,0.0,0.0,0.0,0.0
6jmube,hiptobecubic,1.0,-1.5344210525944128e-05,-2.1418416471016697e-05,1.1396127352070508e-05,4.822389067222506e-05,6.663378638419227e-06,1.7308631245727115e-05,-4.039931028874928e-05,-6.510574007280467e-06,6.346515427511373e-06,-4.90387452305935e-06,-3.223369908636137e-06,5.25781497953284e-05,-2.5600402059496875e-06,-1.4171671916253846e-05,1.4737378115868436e-05,-1.9823090370119933e-05,-6.67121847289814e-07,6.696529796047077e-05,-4.531618807384269e-06,2.421057338820557e-06,-7.198683454745848e-08,-2.895603986608558e-06,6.9948791729578045e-06,4.449372080858153e-05,-0.00010615615898631354,8.767478042738926e-05,0.0,0.0,0.0,0.0,0.0,0.0,0.0,0.0,0.0,0.0,0.0,0.0,0.0,0.0,0.0,0.0,0.0,0.0,0.0,0.0,0.0,0.0
6jmube,Holophonist,0.0,1.1840617404779215e-05,1.738474209806948e-05,-8.614200112567124e-06,-2.55490779969254e-05,-6.474323533558827e-06,-1.8881743033718254e-05,3.60725262193527e-05,5.512488749396449e-06,-5.7556551271125785e-06,5.121854996119822e-06,7.047848292101968e-06,-4.489941894050757e-05,2.0509618372179974e-06,1.100153018373691e-05,-1.1483610702260746e-05,4.709155357170799e-06,-5.007509114017955e-06,-5.978962015846119e-05,-1.3157166854402657e-06,-3.4494565895249886e-06,-1.7747522740858898e-06,2.579493891666243e-06,-5.1938703921483905e-06,-3.3831139729780516e-05,1.1312888624022647e-05,-1.8521855673611388e-05,2.8729786602855237e-06,3.1462680973455986e-07,-1.1069878326657637e-06,-1.0129294592480207e-05,3.562032668419637e-07,-5.069047511782871e-06,4.968907705332041e-07,4.5295403596127885e-05,0.0,0.0,0.0,0.0,0.0,0.0,0.0,0.0,0.0,0.0,0.0,0.0,0.0,0.0
6jmube,SmellGestapo,1.0,-1.08118729066138e-05,-1.6395097050816586e-05,8.749107142293227e-06,2.9062324249706834e-05,6.510634039082123e-06,1.668433804056729e-05,-3.3650617196514957e-05,-4.944945130068567e-06,4.949561780167431e-06,-3.800324010070958e-06,-4.092975665705014e-06,4.61879797608763e-05,-1.202093217721798e-06,-1.05499493933164e-05,1.0215246978323377e-05,-8.896964392663733e-06,-1.971697286002029e-07,5.5137419221262235e-05,-2.187055089257926e-06,2.423991889771472e-06,-3.2554488295882714e-06,-7.59358173539303e-06,4.82545587293405e-06,0.00010555715126897088,0.0,0.0,0.0,0.0,0.0,0.0,0.0,0.0,0.0,0.0,0.0,0.0,0.0,0.0,0.0,0.0,0.0,0.0,0.0,0.0,0.0,0.0,0.0,0.0
6jmube,polysyndetonic,0.0,4.3066203312280684e-06,3.56043061789943e-05,-1.8477023688041316e-06,-5.920140415351879e-06,-4.772844083910238e-05,-2.2697515498227644e-06,4.169709475075265e-06,1.2403668600361214e-06,-7.039661561660575e-07,6.042109817225324e-07,1.1295160883877366e-06,-3.86910761482808e-06,8.798306107679594e-07,1.237671359283556e-06,-1.308828290128482e-06,2.2975396900443692e-07,-1.5135969989876543e-06,-4.696641394433552e-06,-6.711691133494735e-07,-1.160837433101295e-06,-2.0063477161843318e-06,0.00010623954715379975,0.0,0.0,0.0,0.0,0.0,0.0,0.0,0.0,0.0,0.0,0.0,0.0,0.0,0.0,0.0,0.0,0.0,0.0,0.0,0.0,0.0,0.0,0.0,0.0,0.0,0.0
6jmube,OpQuality,1.0,-5.4840427636009366e-06,-8.011163933609228e-05,1.958525050979495e-06,8.00366959151768e-06,0.00011361910522689905,0.0,0.0,0.0,0.0,0.0,0.0,0.0,0.0,0.0,0.0,0.0,0.0,0.0,0.0,0.0,0.0,0.0,0.0,0.0,0.0,0.0,0.0,0.0,0.0,0.0,0.0,0.0,0.0,0.0,0.0,0.0,0.0,0.0,0.0,0.0,0.0,0.0,0.0,0.0,0.0,0.0,0.0,0.0
6jmube,The_Josh_Of_Clubs,0.0,6.498000710088066e-06,2.5138410684832267e-05,-6.990535945428473e-06,-7.953226836269179e-05,-5.958346095799473e-06,-4.4390257704119725e-06,1.9043784452829223e-05,5.197592869869687e-07,-9.284009251117302e-07,6.648269823211211e-07,-2.009664956511134e-07,-6.210301298825067e-06,-2.0488466088048613e-07,2.8250197912699383e-06,-2.499909003718792e-06,8.267477239756007e-05,0.0,0.0,0.0,0.0,0.0,0.0,0.0,0.0,0.0,0.0,0.0,0.0,0.0,0.0,0.0,0.0,0.0,0.0,0.0,0.0,0.0,0.0,0.0,0.0,0.0,0.0,0.0,0.0,0.0,0.0,0.0,0.0
6jmube,Potat_Potat,1.0,-6.832527587070475e-06,-3.2307918895972104e-05,8.735605138237237e-06,0.00012635184183890907,0.0,0.0,0.0,0.0,0.0,0.0,0.0,0.0,0.0,0.0,0.0,0.0,0.0,0.0,0.0,0.0,0.0,0.0,0.0,0.0,0.0,0.0,0.0,0.0,0.0,0.0,0.0,0.0,0.0,0.0,0.0,0.0,0.0,0.0,0.0,0.0,0.0,0.0,0.0,0.0,0.0,0.0,0.0,0.0
6jmube,Terex80,0.0,6.5840798021657326e-06,0.00016158565221407943,0.0,0.0,0.0,0.0,0.0,0.0,0.0,0.0,0.0,0.0,0.0,0.0,0.0,0.0,0.0,0.0,0.0,0.0,0.0,0.0,0.0,0.0,0.0,0.0,0.0,0.0,0.0,0.0,0.0,0.0,0.0,0.0,0.0,0.0,0.0,0.0,0.0,0.0,0.0,0.0,0.0,0.0,0.0,0.0,0.0,0.0
6jmube,barefootnpublic,0.0,8.23688121999774e-06,5.234446173367785e-05,-3.6219997669315283e-06,-1.1204583510916633e-05,-6.929107268621544e-05,-2.789960081466093e-06,5.438949765800275e-06,3.200669751239118e-06,-1.4372919094852975e-06,8.968705407971802e-07,2.4262492245785853e-06,-7.570464354887282e-06,2.9089417753881853e-06,1.2147431590633741e-06,-1.4624677191097417e-06,1.5966602071998268e-06,-4.314260604241106e-06,-7.393455184716721e-06,-2.2964214022930332e-06,-3.189079975703757e-06,-4.917868112482016e-06,1.3760101600412944e-06,-8.927634581114393e-07,-4.783707371499633e-06,6.879011022435069e-06,-2.153579068447758e-06,4.063868176654315e-06,2.9631219767733662e-06,-1.465852588493165e-06,-3.6162289749474153e-06,0.0002002887035046237,0.0,0.0,0.0,0.0,0.0,0.0,0.0,0.0,0.0,0.0,0.0,0.0,0.0,0.0,0.0,0.0,0.0
6jmube,MerrieLee,1.0,-8.179879462554762e-06,-0.00013750633841624988,0.00013760495599093165,0.0,0.0,0.0,0.0,0.0,0.0,0.0,0.0,0.0,0.0,0.0,0.0,0.0,0.0,0.0,0.0,0.0,0.0,0.0,0.0,0.0,0.0,0.0,0.0,0.0,0.0,0.0,0.0,0.0,0.0,0.0,0.0,0.0,0.0,0.0,0.0,0.0,0.0,0.0,0.0,0.0,0.0,0.0,0.0,0.0
6jmube,neofederalist,0.0,5.401037548509195e-06,2.700090317559132e-05,-1.7767838920777364e-05,-3.9887826822046e-05,-1.5961726495422267e-06,-2.520219962767345e-06,4.667878251972563e-06,1.43875951897175e-06,-9.326411600176981e-07,9.288632753131164e-07,0.00011802363530525525,0.0,0.0,0.0,0.0,0.0,0.0,0.0,0.0,0.0,0.0,0.0,0.0,0.0,0.0,0.0,0.0,0.0,0.0,0.0,0.0,0.0,0.0,0.0,0.0,0.0,0.0,0.0,0.0,0.0,0.0,0.0,0.0,0.0,0.0,0.0,0.0,0.0
6jmube,Ansuz07,0.0,6.355175508644364e-06,1.5982173938337834e-05,-4.990985987216854e-06,-3.886451047118249e-05,-4.837053701259153e-06,-2.2768338023642693e-05,9.441237502914212e-05,0.0,0.0,0.0,0.0,0.0,0.0,0.0,0.0,0.0,0.0,0.0,0.0,0.0,0.0,0.0,0.0,0.0,0.0,0.0,0.0,0.0,0.0,0.0,0.0,0.0,0.0,0.0,0.0,0.0,0.0,0.0,0.0,0.0,0.0,0.0,0.0,0.0,0.0,0.0,0.0,0.0
6jmube,aggsalad,1.0,-1.1882244786332272e-05,-3.0629614846358025e-05,9.056983002587503e-06,6.826219538896476e-05,9.670298672208133e-06,6.41497870757516e-06,-3.2335191933175456e-05,-3.944848221252588e-06,2.931011584843661e-06,-2.865024604274522e-06,-4.637917704470439e-06,4.709261013092679e-06,-3.905346851113962e-06,-3.9814021268277045e-06,3.824474899089728e-06,-5.996683360060101e-05,0.0001476592551440676,0.0,0.0,0.0,0.0,0.0,0.0,0.0,0.0,0.0,0.0,0.0,0.0,0.0,0.0,0.0,0.0,0.0,0.0,0.0,0.0,0.0,0.0,0.0,0.0,0.0,0.0,0.0,0.0,0.0,0.0,0.0
6jmube,jm0112358_work,1.0,-9.007490479340472e-06,-2.3698058982361115e-05,7.161261739291313e-06,5.4858505205233505e-05,7.151394337476613e-06,1.3512721427900541e-05,-5.954020788067052e-05,-1.765072354175943e-06,1.5193351413405897e-06,-1.4905523547093663e-06,-2.4451182661768496e-06,2.4916376123472853e-06,-1.741795036100227e-06,-1.967147948100312e-06,1.8262834368911236e-06,-3.3056459848007535e-05,5.441909599792018e-06,4.70509312692966e-06,0.00012163808754977417,0.0,0.0,0.0,0.0,0.0,0.0,0.0,0.0,0.0,0.0,0.0,0.0,0.0,0.0,0.0,0.0,0.0,0.0,0.0,0.0,0.0,0.0,0.0,0.0,0.0,0.0,0.0,0.0,0.0
6jmube,jm0112358,1.0,-1.11042500148664e-05,-1.9208766626792067e-05,8.245137547367559e-06,3.4063234489067685e-05,6.700831482467767e-06,1.8656867021596078e-05,-4.675765228440464e-05,-4.3281528750041985e-06,4.5688038091231865e-06,-4.161314393137265e-06,-5.7329908440295075e-06,3.361430679459405e-05,-1.8527497599209114e-06,-8.598515352182734e-06,8.981283463980733e-06,-1.0966911487127505e-05,4.871860944350622e-06,9.252425833825848e-05,0.0,0.0,0.0,0.0,0.0,0.0,0.0,0.0,0.0,0.0,0.0,0.0,0.0,0.0,0.0,0.0,0.0,0.0,0.0,0.0,0.0,0.0,0.0,0.0,0.0,0.0,0.0,0.0,0.0,0.0
6jmube,Loyalt,1.0,-1.0882649714450143e-05,-1.8971677792754287e-05,1.1045360201437557e-05,3.472816095848703e-05,4.636672027586418e-06,1.2024478543096265e-05,-2.993200628307841e-05,-5.2352401176067e-06,3.814942624040173e-06,-2.5451542719622667e-06,-2.4441319926450585e-05,0.00017402977802439537,0.0,0.0,0.0,0.0,0.0,0.0,0.0,0.0,0.0,0.0,0.0,0.0,0.0,0.0,0.0,0.0,0.0,0.0,0.0,0.0,0.0,0.0,0.0,0.0,0.0,0.0,0.0,0.0,0.0,0.0,0.0,0.0,0.0,0.0,0.0,0.0
6jmube,elliptibang,1.0,-1.1618236850904688e-05,-1.4897028121494455e-05,9.679939656715373e-06,3.5200927186796546e-05,3.112479739968152e-06,1.586412100834244e-05,-3.528757151976093e-05,-5.415824645963135e-06,5.0888837147114235e-06,-3.416920622339872e-06,-1.0732066823085807e-06,3.945048548689311e-05,-1.3541774594874213e-06,-1.1984999778410695e-05,1.0944557207314906e-05,-1.40905838709486e-05,-2.394909928592829e-06,6.064461126199916e-05,-4.025057132486178e-06,2.84569057727721e-06,-5.2143729262137435e-06,-2.285833638353049e-06,5.51874313272322e-06,4.537907604493728e-05,-1.924049358729345e-05,2.0142608811105473e-05,4.395531664830521e-06,-4.271757734474992e-07,9.770528731083914e-07,2.185821965761192e-05,-1.327393128680213e-06,7.464869149229019e-07,-2.2892684583301014e-06,-3.7778361092573184e-05,-2.1234283037178305e-08,7.413228687326574e-06,0.00012218879711076172,0.0,0.0,0.0,0.0,0.0,0.0,0.0,0.0,0.0,0.0,0.0
6jmube,kingpatzer,1.0,-1.0300678790131913e-05,-1.3761627827366608e-05,8.973318157365684e-06,3.390475125435961e-05,2.909667659597585e-06,1.6435638714910762e-05,-3.929167842980318e-05,-5.069663769456508e-06,3.7322664432842454e-06,-1.9493803206356204e-06,-1.6880467150494215e-06,4.375378061761166e-05,-1.3519671258390734e-06,-8.806022536950293e-06,7.667564159155152e-06,-1.1810117056543602e-05,-4.6774681912222115e-06,4.370959482433954e-05,-5.135601585703649e-06,1.626524979751651e-06,-6.663177411063696e-06,-2.346589601768363e-06,3.932237717547279e-06,3.701023914202147e-05,-1.4818133060937326e-05,1.2105026032002471e-05,6.132801652383113e-06,-1.335396286441509e-06,9.90271351378675e-07,0.00013775715612579598,0.0,0.0,0.0,0.0,0.0,0.0,0.0,0.0,0.0,0.0,0.0,0.0,0.0,0.0,0.0,0.0,0.0,0.0
6jmube,BobbyBobRoberts,0.0,9.308901225713361e-06,1.2685247636499444e-05,-7.822232972101726e-06,-2.8399279025120284e-05,-3.314249574832226e-06,-9.495990062702647e-06,3.0481246954049852e-05,4.700197489287858e-06,-2.7298214258473546e-06,1.079381867087974e-06,1.9228822369196438e-06,-3.438722472513432e-05,2.385594272053338e-06,6.4255373974321475e-06,-4.888972766646614e-06,1.0449819852643788e-05,1.8621238065566638e-06,-3.313102581705992e-05,3.1540249811190133e-06,-1.9393299229660124e-06,3.226768492938154e-06,2.348646227399593e-06,-2.651973344167543e-06,-2.800176672972901e-05,1.5070836213370623e-05,-6.5345487814801e-06,-2.5352083461370786e-06,2.341223938847181e-06,-1.0622279152315298e-06,-9.263031236862137e-05,1.540695909721289e-06,3.2783915631080376e-06,1.2128635840402712e-06,1.9356813614236173e-06,2.46544454026103e-06,-1.2389831269599159e-06,-2.6318487254721184e-06,-4.730371875492981e-06,3.5579964767592134e-06,4.511995328790178e-06,0.0001774537121393133,0.0,0.0,0.0,0.0,0.0,0.0,0.0
6jmube,jark831,0.0,9.308901780264502e-06,1.2685247613903324e-05,-7.822234575354689e-06,-2.8399278146444506e-05,-3.3142496367287757e-06,-9.495990890153798e-06,3.0481248288965144e-05,4.700196745609142e-06,-2.729824090949015e-06,1.0793819315755e-06,1.9228794023821773e-06,-3.4387223449234255e-05,2.385594295235531e-06,6.425538959358032e-06,-4.888972838208645e-06,1.0449819852643788e-05,1.8621215509113468e-06,-3.313101969865689e-05,3.154025758093283e-06,-1.9393313897525588e-06,3.226769041365775e-06,2.3486451767111284e-06,-2.651973727045296e-06,-2.8001764626180346e-05,1.5070839232707974e-05,-6.534547459500783e-06,-2.535206978372536e-06,2.3412252605120067e-06,-1.0622266408944876e-06,-9.263031520017386e-05,1.5406952270625687e-06,3.2783906971510927e-06,0.00017766533654540824,0.0,0.0,0.0,0.0,0.0,0.0,0.0,0.0,0.0,0.0,0.0,0.0,0.0,0.0,0.0
6jmube,kcbh711,0.0,3.61755116285714e-06,1.3960997885283731e-05,-1.9735430849670938e-06,-2.6819267093337305e-06,-1.6836158763598425e-05,-1.317321200137391e-06,2.781915262128284e-06,1.812556983993536e-06,-8.687323428174851e-07,5.974087809063861e-07,1.501264418364097e-06,-2.5115697231476143e-06,0.00013823161582894423,0.0,0.0,0.0,0.0,0.0,0.0,0.0,0.0,0.0,0.0,0.0,0.0,0.0,0.0,0.0,0.0,0.0,0.0,0.0,0.0,0.0,0.0,0.0,0.0,0.0,0.0,0.0,0.0,0.0,0.0,0.0,0.0,0.0,0.0,0.0
6jmube,CommanderSheffield,0.0,5.121418443853607e-06,1.1362410046990785e-05,-3.3738449511436334e-06,-1.3018221272274602e-05,-6.536024909307343e-06,-1.4419617063575989e-05,1.4673252343302277e-05,2.3871715005713527e-06,-7.141063591952903e-07,4.884133648393795e-07,4.326713138906574e-06,-1.217620968193484e-05,3.508218964353002e-06,1.43099239100137e-06,-7.53821617391936e-07,3.544424460662455e-06,-4.829884450057994e-06,-2.018693642359624e-05,-1.6708329304843019e-06,-9.303748836522741e-07,-4.5328492503842884e-06,2.957368539343386e-06,7.992413937299722e-07,-9.022185446057623e-06,1.1900378695491293e-05,-4.970973016231863e-06,4.948981383433228e-06,4.8139293172219024e-06,-2.8623159432008807e-06,-2.5983711811715648e-06,2.184871049684035e-06,2.922842013507512e-06,-6.677246642499239e-07,1.4471064215002743e-05,8.892035192778532e-05,2.218806682626251e-06,3.226244401328212e-06,-7.721215776866817e-06,5.024278098269868e-06,-0.00013466889119266755,1.1236920745706293e-06,0.00020570862636274637,0.0,0.0,0.0,0.0,0.0,0.0
6jmube,sonsofaureus,1.0,-2.3225733155270784e-06,-1.0486249526688844e-05,1.7476524969839883e-06,1.5763250961015733e-05,6.901388127206087e-06,2.667106437886192e-05,-1.8389366771907817e-05,-1.5670277368802988e-07,-4.697098229253415e-07,2.7962864120753897e-07,-4.074419854994369e-06,1.3374681112632269e-05,-1.9362689438130746e-06,6.657463151808228e-07,-9.081680219318201e-07,-5.039902684760868e-06,3.2121751272602043e-06,2.860700128785581e-05,-6.051839588229197e-08,-2.3960197813987968e-06,2.248154120371815e-06,-2.67894994731253e-06,-3.763858262376277e-06,1.1387977215588153e-05,-1.1901557589943339e-05,5.124958589092975e-06,-3.4858038773883614e-06,-5.1235450644841904e-06,3.71981427315655e-06,3.7364783475598076e-07,-4.150059762817726e-07,-3.16229199226332e-06,3.1113544146008187e-06,-2.591861127963843e-05,-0.00014126892699020807,-5.003508344431489e-06,-7.762932125900894e-06,1.0455798848884213e-05,-5.477441883770974e-06,0.00021936771926983503,0.0,0.0,0.0,0.0,0.0,0.0,0.0,0.0
6jmube,Nkklllll,0.0,4.895889703139984e-06,4.6880296851779445e-06,-3.1279944027288212e-06,3.025043448468947e-07,-2.0533109550557885e-06,-1.2702356800451641e-05,2.5386713081001443e-06,3.4774595332599136e-06,-2.0025282668036896e-06,1.5600796772777675e-06,2.440813804932611e-06,-4.548433172071248e-06,3.1062319725060695e-06,4.1764054702958086e-06,-3.773196351373522e-06,-2.619321108854837e-06,-4.846988809283058e-06,-2.147329374209988e-06,-2.4105267953833963e-06,-4.460503755383039e-06,-6.384869434783437e-06,1.512513734116791e-06,-3.6532090932235467e-06,-4.919232701517801e-07,3.810047899450309e-06,-4.144527305850293e-06,4.8158567684381166e-06,3.967513515514168e-06,-3.679322260748211e-06,-2.153237041558356e-06,3.646183482452302e-06,-3.851468398169577e-06,2.5345421923291043e-06,-3.371227664776045e-06,0.0001840446056929059,0.0,0.0,0.0,0.0,0.0,0.0,0.0,0.0,0.0,0.0,0.0,0.0,0.0
6jmube,hamletandskull,1.0,-3.8405478230515964e-06,-5.7874400612672205e-06,2.7425869811789284e-06,6.096024945094271e-06,2.31196140780394e-06,9.836932467150477e-07,-6.590464283253544e-06,-0.00015887819308517696,8.599170411150464e-05,0.0,0.0,0.0,0.0,0.0,0.0,0.0,0.0,0.0,0.0,0.0,0.0,0.0,0.0,0.0,0.0,0.0,0.0,0.0,0.0,0.0,0.0,0.0,0.0,0.0,0.0,0.0,0.0,0.0,0.0,0.0,0.0,0.0,0.0,0.0,0.0,0.0,0.0,0.0
6jmube,the_irvingtonian,0.0,2.8028090598970507e-06,3.8087761911452712e-06,-1.9964100471766773e-06,-3.4283732023898813e-06,-1.498841223796514e-06,-6.363004118153077e-07,4.2123149095948315e-06,0.00014928799196214264,0.0,0.0,0.0,0.0,0.0,0.0,0.0,0.0,0.0,0.0,0.0,0.0,0.0,0.0,0.0,0.0,0.0,0.0,0.0,0.0,0.0,0.0,0.0,0.0,0.0,0.0,0.0,0.0,0.0,0.0,0.0,0.0,0.0,0.0,0.0,0.0,0.0,0.0,0.0,0.0
6jmube,OnMyWhey113,,0.0,0.0,0.0,0.0,0.0,0.0,0.0,0.0,0.0,0.0,0.0,0.0,0.0,0.0,0.0,0.0,0.0,0.0,0.0,0.0,0.0,0.0,0.0,0.0,0.0,0.0,0.0,0.0,0.0,0.0,0.0,0.0,0.0,0.0,0.0,0.0,0.0,0.0,0.0,0.0,0.0,0.0,0.0,0.0,0.0,0.0,0.0,0.0
6jmube,ClearlyBanned22,,0.0002002020983166233,0.0,0.0,0.0,0.0,0.0,0.0,0.0,0.0,0.0,0.0,0.0,0.0,0.0,0.0,0.0,0.0,0.0,0.0,0.0,0.0,0.0,0.0,0.0,0.0,0.0,0.0,0.0,0.0,0.0,0.0,0.0,0.0,0.0,0.0,0.0,0.0,0.0,0.0,0.0,0.0,0.0,0.0,0.0,0.0,0.0,0.0,0.0
6jmube,exotics,,-1.8739541954758224e-06,-1.4178041493888892e-05,1.819586773227221e-06,2.3072877403980968e-05,8.638581275703771e-06,0.0002922027291112852,0.0,0.0,0.0,0.0,0.0,0.0,0.0,0.0,0.0,0.0,0.0,0.0,0.0,0.0,0.0,0.0,0.0,0.0,0.0,0.0,0.0,0.0,0.0,0.0,0.0,0.0,0.0,0.0,0.0,0.0,0.0,0.0,0.0,0.0,0.0,0.0,0.0,0.0,0.0,0.0,0.0,0.0
6jmube,tomgabriele,,4.375463419228597e-06,7.3439192566920535e-06,-3.1085673721834364e-06,-8.250804182446821e-06,-3.0551493024594155e-06,-1.6161637668239159e-06,8.801951512478854e-06,0.00015104697061290402,-8.128013181446362e-05,0.0001044063265539734,0.0,0.0,0.0,0.0,0.0,0.0,0.0,0.0,0.0,0.0,0.0,0.0,0.0,0.0,0.0,0.0,0.0,0.0,0.0,0.0,0.0,0.0,0.0,0.0,0.0,0.0,0.0,0.0,0.0,0.0,0.0,0.0,0.0,0.0,0.0,0.0,0.0,0.0
6jmube,thoselusciouslips,,8.336378786083794e-06,6.736500947965899e-05,-3.455160116772332e-06,-2.301707358423071e-05,-8.851813616168289e-05,-2.133437585793676e-06,1.234175560989101e-05,1.7684404750893802e-06,-3.551656943682108e-07,4.987800768914224e-08,2.5219757290796792e-06,-1.2571458641721116e-05,2.1123497724661597e-06,0.00022347914640030166,0.0,0.0,0.0,0.0,0.0,0.0,0.0,0.0,0.0,0.0,0.0,0.0,0.0,0.0,0.0,0.0,0.0,0.0,0.0,0.0,0.0,0.0,0.0,0.0,0.0,0.0,0.0,0.0,0.0,0.0,0.0,0.0,0.0,0.0
6jmube,Gammapod,,-5.6738317922472675e-06,-1.8362544336696592e-05,3.5798969813578826e-06,1.7810874809016162e-05,1.624901339319024e-05,4.525965385433828e-06,-1.5240008228112397e-05,-1.976546321759697e-06,4.917255065270285e-07,-1.4608148525222294e-07,-3.852303154109082e-06,1.297050085239776e-05,-0.00010078406860743141,1.0762549615549431e-06,0.0002220967931463788,0.0,0.0,0.0,0.0,0.0,0.0,0.0,0.0,0.0,0.0,0.0,0.0,0.0,0.0,0.0,0.0,0.0,0.0,0.0,0.0,0.0,0.0,0.0,0.0,0.0,0.0,0.0,0.0,0.0,0.0,0.0,0.0,0.0
6jmube,getlough,,-1.1745528520280413e-05,-2.4331047466790923e-05,8.137558307462241e-06,4.063914908697376e-05,9.330026876210891e-06,1.5212002563053095e-05,-8.162280115499505e-05,-3.654962257009309e-06,1.6393885529364029e-06,-1.2765174307778936e-06,-4.635183268821737e-06,8.23744685491099e-06,-4.552599904980525e-06,-1.8008705863789075e-06,8.254680445201018e-07,-2.673667073204689e-06,7.383272469343976e-06,1.4389591318853146e-05,3.6133544791359167e-06,0.00022707251314626055,0.0,0.0,0.0,0.0,0.0,0.0,0.0,0.0,0.0,0.0,0.0,0.0,0.0,0.0,0.0,0.0,0.0,0.0,0.0,0.0,0.0,0.0,0.0,0.0,0.0,0.0,0.0,0.0
6jmube,dangerxmouse,,-1.753631903045495e-05,-3.9522958434518665e-05,1.1502747946950529e-05,6.422499916534484e-05,1.5681162143869665e-05,1.3115934453039448e-06,-2.359058847054144e-05,-8.003010025075169e-06,4.877457132067919e-06,-4.857816382195132e-06,-1.0425043468095244e-05,5.22153552675209e-06,-9.158905464063268e-06,-6.740814775732782e-06,6.2385365033054515e-06,-5.5477555058543606e-05,1.6157891484506432e-05,1.3213907879340767e-05,1.2852880803024057e-05,8.061036107200578e-06,0.00022399696352646861,0.0,0.0,0.0,0.0,0.0,0.0,0.0,0.0,0.0,0.0,0.0,0.0,0.0,0.0,0.0,0.0,0.0,0.0,0.0,0.0,0.0,0.0,0.0,0.0,0.0,0.0,0.0
6jmube,DayMorrow,,-7.464469669440096e-06,-3.460847517158134e-05,4.0453533352140385e-06,2.0139445570416712e-05,3.951704482885724e-05,3.486244645793412e-06,-1.5307111156998988e-05,-2.521807839341408e-06,9.400791960165316e-07,-5.448949268744134e-07,-3.734327771575152e-06,1.4466381398271201e-05,-2.910914439312909e-06,-7.714707699494858e-08,6.162741953966289e-10,-6.797289405469329e-06,5.2766402667378815e-06,2.274145514005757e-05,1.8393962934145611e-06,1.5206129183144019e-06,6.0167539978159126e-06,-8.037359616390935e-05,0.00022335314415895097,0.0,0.0,0.0,0.0,0.0,0.0,0.0,0.0,0.0,0.0,0.0,0.0,0.0,0.0,0.0,0.0,0.0,0.0,0.0,0.0,0.0,0.0,0.0,0.0,0.0
6jmube,ellipses1,,1.4371762950718875e-05,4.034235187534955e-05,-1.1360309901360126e-05,-0.00011328131387646592,-6.276510731163015e-06,-1.2091767500259654e-07,5.722758208116698e-06,5.101792921106591e-06,-3.1125003777961994e-06,3.3255540907541525e-06,6.111999880478977e-06,-9.836168773645702e-08,5.797146801387278e-06,2.8897954730615427e-06,-3.1189913322038313e-06,-1.9326743103446458e-06,-1.2529491386012167e-05,-9.314938705233183e-06,-8.856593630294075e-06,-6.12213138183928e-06,-1.2692769633592205e-05,2.0314558765778183e-06,-2.70225723214542e-06,5.433621871441324e-06,-1.277805342133299e-06,2.0229128716404842e-07,0.00015660986282579287,0.0,0.0,0.0,0.0,0.0,0.0,0.0,0.0,0.0,0.0,0.0,0.0,0.0,0.0,0.0,0.0,0.0,0.0,0.0,0.0,0.0
6jmube,hab33b,,3.717408632635031e-06,4.2091229541753215e-06,-2.4075940367504314e-06,-1.708860068651111e-06,-1.6991882942560234e-06,-6.355594879285273e-06,3.4273904563740367e-06,2.403235704557036e-06,-1.2214450652477192e-06,8.965164043725445e-07,2.18220549133352e-06,-3.670340885402616e-06,2.3404973714157e-06,2.1582572785344985e-06,-1.7667173845830563e-06,-9.265697768218417e-07,-4.353713595229652e-06,-3.422536638723882e-06,-2.102085031259715e-06,-2.892211668318298e-06,-5.689372463132777e-06,1.289014165452097e-06,-1.6269920621533372e-06,-9.970715507778059e-07,2.437096741957801e-06,-7.034720003382248e-07,4.523354140707086e-06,0.00016004562141313567,0.0,0.0,0.0,0.0,0.0,0.0,0.0,0.0,0.0,0.0,0.0,0.0,0.0,0.0,0.0,0.0,0.0,0.0,0.0,0.0
6jmube,CoyotePatronus,,-5.504860058959895e-06,-7.171927365814044e-06,3.595073586548982e-06,5.3530790963229474e-06,2.983983920721683e-06,1.2927727761330435e-05,-6.5316960157366825e-06,-3.303364345396005e-06,1.7853573642598149e-06,-1.3188690631844015e-06,-3.400006371881845e-06,7.3664785562498885e-06,-3.4633324745814536e-06,-2.855846157599669e-06,2.3317759767069248e-06,-8.188076814771144e-08,5.937033269843243e-06,9.133948995661172e-06,2.7629374973586933e-06,3.498744039992981e-06,7.234957332861001e-06,-1.9536616795816156e-06,1.7352269611837219e-06,4.1125280980754944e-06,-5.046628563706434e-06,2.5928459442104493e-06,-6.0134274735127225e-06,-0.0001432282537623051,0.00015748077120297636,0.0,0.0,0.0,0.0,0.0,0.0,0.0,0.0,0.0,0.0,0.0,0.0,0.0,0.0,0.0,0.0,0.0,0.0,0.0
6jmube,im--listening,,-4.795387290382724e-06,-4.1214449389776065e-05,1.9987039976348826e-06,2.2421809408873948e-05,5.1676650539671636e-05,1.2238270113926046e-05,-1.762271182572205e-05,-3.117917645581841e-07,-6.266778639576536e-07,5.658274842594778e-07,-3.310182731698575e-06,1.3669057413356073e-05,-1.569382037227573e-06,3.266836598782519e-06,-2.404526846889006e-06,-7.989651515753955e-06,2.78285564948458e-06,2.767187428939911e-05,4.018802886110081e-08,-2.1504317984693225e-06,2.2690486548715167e-06,-1.9661590241006503e-06,-5.3341699392762335e-06,1.2828585158287447e-05,-1.1855699062615594e-05,1.1506604585125769e-06,-2.9247778224218967e-06,-3.077536357905968e-06,8.720747141388455e-07,1.759305478312959e-06,-0.00013633043459709298,0.00021347675924101128,0.0,0.0,0.0,0.0,0.0,0.0,0.0,0.0,0.0,0.0,0.0,0.0,0.0,0.0,0.0,0.0
6jmube,ralph-j,,-1.1438211249682899e-05,-1.5768312641997996e-05,9.139744495618327e-06,2.971021846791707e-05,4.567241716649131e-06,1.7572581707919932e-05,-3.570250976457372e-05,-5.260740860844006e-06,5.3271738197214624e-06,-4.214168094111252e-06,-4.780991730649191e-06,4.796391718105489e-05,-1.4054033923076165e-06,-1.1102650563126891e-05,1.0853272290141992e-05,-8.638767502636368e-06,9.518542796125792e-07,5.8868537304926354e-05,-1.5925055804659148e-06,2.7734958323819817e-06,-2.1058922474788294e-06,-2.145105919651147e-06,5.094834811504185e-06,3.762643165327021e-05,-1.398470971157637e-05,1.8931117827712687e-05,1.0853913456417256e-06,-2.0313709678118601e-07,1.0238661037108866e-06,1.4676280359309949e-05,-8.087660182923112e-07,3.0514583183601776e-06,-1.0211434570819537e-06,-4.0364542069929716e-05,7.66255267876057e-09,8.238094524635922e-05,0.0,0.0,0.0,0.0,0.0,0.0,0.0,0.0,0.0,0.0,0.0,0.0
6jmube,Thomystic,,-7.882367765268661e-07,1.006704392930987e-05,4.4484162266772366e-07,-1.603851196348034e-05,-7.916788255806282e-06,-2.4708119499316903e-05,2.0468348437310147e-05,-2.1991732390760225e-06,2.346039181327688e-06,-1.7021742674932325e-06,4.434110872140994e-06,-1.034017864464034e-05,7.740165651739642e-07,-4.864402889998985e-06,4.852139272626735e-06,5.428079620554517e-06,-1.4390700445443615e-06,-3.109079800746831e-05,4.331267476708891e-07,6.875972148532169e-06,3.2711682036696703e-06,2.836443390852326e-06,7.912444942680344e-06,-1.1110418175973746e-05,1.0532887986275907e-05,-1.3091660992498586e-07,1.353753859065065e-06,4.248526883916516e-06,-2.0193475304921254e-06,1.963244697319994e-06,-2.4575210376202303e-06,7.7519519446748e-06,-6.629608491567417e-06,3.4239336623490965e-05,1.0237206465240382e-05,7.053748428414081e-06,1.0511993809201255e-05,0.00025894824859419195,0.0,0.0,0.0,0.0,0.0,0.0,0.0,0.0,0.0,0.0
6jmube,raanne,,2.23241439068999e-06,-9.927850880205324e-06,-1.3166274029446066e-06,1.7329741829983722e-05,8.371583045867113e-06,2.861247436964673e-05,-2.245797292531903e-05,3.361355668140301e-06,-3.051498651205272e-06,2.1913165937532813e-06,-4.454486474501107e-06,1.0413070177348533e-05,-5.8359597657178164e-08,6.1844021170553676e-06,-6.005060918447885e-06,-6.0739646380374546e-06,8.03382612454723e-07,3.4780809171759724e-05,-1.0153862517075123e-06,-8.6813032976039e-06,-4.653634510190965e-06,-2.7799336893454264e-06,-9.585702277279536e-06,1.1888051736827527e-05,-1.0391707105855324e-05,-1.0156399003129308e-06,-7.42673903416521e-07,-4.257640847565298e-06,2.104293109634567e-06,-3.0603432410235456e-06,3.4859860457061708e-06,-8.57644141037107e-06,8.087150963343698e-06,-4.006542744064025e-05,-1.1173973037253144e-05,-8.484591597604188e-06,-1.274023978697636e-05,-0.00023145372562129898,0.0001105104744952055,0.0,0.0,0.0,0.0,0.0,0.0,0.0,0.0,0.0
6jmube,TheSausageGuy,,2.6216616017128707e-06,2.990884624195104e-06,-1.7703519178533387e-06,-1.8649875736082828e-06,-1.018543195793277e-06,-4.1639064656670655e-07,2.98249786350493e-06,1.6521291236074697e-06,-6.780304254644838e-07,4.1766650192128774e-07,1.5033939361041974e-06,-2.4209884740016328e-06,1.587368970573434e-06,1.0600781753785282e-06,-5.958405577381127e-07,-1.7984923929029905e-07,-3.5545244987763427e-06,-2.754447550181635e-06,-1.6257071855400291e-06,-1.8952608101020046e-06,-4.569884206149655e-06,8.104196074351748e-07,-6.324185115353496e-07,-3.5508742931359354e-07,1.611371267778384e-06,1.7327304382338555e-06,3.872496471189946e-06,1.3682255794522138e-06,-7.245753235955129e-07,-7.745406778602009e-07,1.414879769199539e-06,1.1590006826441906e-06,4.846245868607623e-07,1.910150879488232e-06,1.5793790449717502e-06,4.733341380021764e-07,1.0901480323844195e-07,-1.1218117507461507e-06,1.4447953952239954e-06,1.745606689723262e-06,3.407745745184037e-07,9.82215017591742e-07,0.00012949128476298283,0.0,0.0,0.0,0.0,0.0
6jmube,holophonist,,-6.443248033427029e-13,2.295386364687385e-13,-3.4607905520603483e-12,1.865521484649498e-12,-2.330833076485492e-13,-1.1700977173937376e-12,1.0569076297918511e-13,-5.06506678428821e-15,3.311262667817291e-13,-1.089157063711777e-13,1.3423823083248478e-12,9.307439597357149e-13,-1.7659952537803576e-12,-2.190701620257244e-12,3.80081535145055e-12,-1.501123938489307e-12,-1.2213237493578793e-12,-1.9644317538646308e-12,-2.7591386166508843e-12,-1.4556834971308476e-12,5.230072175504348e-12,6.388606608577037e-13,2.779221058682658e-12,6.466878527313015e-14,1.2028202472765715e-12,2.3533825025524013e-13,-7.479608130068512e-16,-1.1705871436055351e-12,-1.9494224781529784e-12,4.0068909035642986e-13,2.5449747022274573e-14,1.4461624991449037e-12,1.7418264269463867e-12,4.4449723187005946e-13,2.441536026683524e-12,1.1082175038416221e-12,2.4792309404613474e-13,-2.4997784108189327e-12,7.036331362763857e-13,3.668922765995802e-12,-9.253311367422189e-13,1.729888886074357e-13,-2.5586889014276003e-13,1.0,0.0,0.0,0.0,0.0
6jmube,matt2000224,,-2.0464945208238355e-05,-4.84622226428917e-06,1.2119435602271456e-05,-6.9576262917518085e-06,-6.586176089241555e-06,-0.00012369255138466084,1.643213464517388e-05,-1.3151701557169636e-05,7.506922404808701e-06,-4.330658977362751e-06,-1.5086278047924882e-06,-4.09665099429775e-06,-9.256703991913077e-06,-1.2785674533222945e-05,7.619996010753813e-06,2.923664728908574e-06,1.6704960676690855e-05,-4.141037900098418e-05,1.3485274680419425e-05,2.4275840989170017e-05,2.2548443774396908e-05,9.423505784329739e-08,1.679728519327651e-05,-1.5593099318921375e-05,-8.391683616172745e-06,5.775383203867662e-06,-1.5965602963940154e-05,8.816608409141616e-06,-1.456454126142407e-05,4.8703683203124055e-06,-9.29257214528167e-06,-1.0549635300910347e-05,-1.673727757882254e-05,6.298686028259132e-05,2.7384926992748934e-05,1.341330839521859e-05,2.205479934649145e-05,2.3814342952441456e-05,-1.9907299369939284e-05,-1.7747129846213017e-05,-1.5804421107614118e-05,-1.3309193005474918e-05,-1.18562002713671e-05,-8.229026527076755e-16,0.00021725753153783447,0.0,0.0,0.0
6jmube,DBDude,,-6.189555482465588e-06,6.802900717115744e-06,3.8900429164508505e-06,-2.1552749862244126e-05,-7.330994937982061e-06,-6.452876624558871e-05,2.4522672556324248e-05,-5.772314476182883e-06,3.990715706618354e-06,-2.3973496764681578e-06,3.371596822382446e-06,-1.3288980181231215e-05,-2.4373444278252615e-06,-8.455257818756629e-06,6.583907668059026e-06,9.054129702155247e-06,3.5458964088026458e-06,-4.7605784947199344e-05,5.387018850270054e-06,1.3480271960047674e-05,7.47343529402854e-06,2.000177122306661e-06,1.300097052608241e-05,-1.797264934851343e-05,7.550624830429218e-06,-7.350677592943678e-06,-3.1813065577564583e-06,5.220923071866817e-05,-5.5124375275036425e-05,6.688131121338297e-06,-6.787183779380225e-06,3.2628444771779064e-06,-1.0911546996208115e-05,5.287360859306937e-05,1.5696856779926974e-05,1.1211304081450968e-05,1.7317496232023382e-05,-4.109807601304611e-06,-9.479520272420499e-07,5.220932439350361e-06,-1.1532997984623026e-05,-6.411694622146344e-06,-6.1926047073919815e-06,1.658276430260101e-15,0.00011856492733527351,0.0001724600881747846,0.0,0.0
6jmube,davidthetechgeek,,7.258362973409517e-06,1.9452877250147815e-05,-5.431314118296056e-06,-2.452341733909605e-05,-1.1586854386498882e-05,-1.342982105492466e-05,3.612075618589842e-05,2.406301148232281e-06,-1.1314840579105591e-06,8.007595764661412e-07,6.024044066264652e-06,-2.575641596663176e-05,3.3690172224755767e-06,3.8269741146573965e-06,-3.196454426019096e-06,5.359013956720668e-06,-3.5893396269502783e-06,-3.875107866905349e-05,-1.3593212339441835e-06,1.7096150151150875e-06,3.912966870148127e-06,3.985988330771784e-06,2.247584448370689e-07,-1.937292490083131e-05,6.074499478454654e-06,1.9537478768753554e-05,2.3713440944352798e-06,4.830232730298233e-06,-2.914396513399968e-06,-7.562951490206443e-05,9.946744134797876e-07,3.896011266269291e-06,-2.855735848348748e-06,2.859318975978363e-05,8.997113473736418e-06,6.0718628640629305e-06,8.545220274134111e-06,-1.1475491463529845e-05,7.631154761638358e-06,9.156960492746072e-06,-3.79912829620646e-06,4.479440043126906e-07,-1.7983708702271874e-06,-2.9795395947034052e-15,-9.35952727913835e-06,-6.311291171818692e-06,0.0002711153821308201,0.0
6jmube,nothing_in_my_mind,,3.891671338378244e-06,-8.206169276711737e-06,-2.4436721740904962e-06,1.9363343769977807e-05,7.669406226302212e-06,5.323490162529162e-05,-2.310136450908931e-05,4.221513065248773e-06,-3.079536902418244e-06,1.807395322096521e-06,-3.8260637408165015e-06,1.2385554260841173e-05,1.1761597173145228e-06,6.245636076668963e-06,-5.000011692578751e-06,-7.342172499652075e-06,-1.314147432482351e-06,4.170653855217402e-05,-3.4038132261530498e-06,-1.027395968706551e-05,-5.157120253908682e-06,-2.2743520476811454e-06,-1.031942684057596e-05,1.4970497294881961e-05,-8.887243141860686e-06,6.088824123466738e-06,1.174148272505698e-06,-6.375456125206127e-06,5.714307586273582e-06,-4.868693420131261e-06,4.196950520952585e-06,-3.137196894204016e-06,8.616165001265913e-06,-4.626728486934055e-05,-8.071053178476433e-05,-1.012747709069871e-05,-1.5519998370785103e-05,7.1792628809431475e-06,-1.674959654181579e-06,-2.818793522964182e-05,1.0834374069682627e-05,4.536255449881197e-06,5.534816528058865e-06,6.135345703809593e-17,-9.043321080834824e-05,3.671221525843477e-05,7.074570456451483e-06,0.0002019418873294604
