tree_id,username,label,1,2,3,4,5,6,7,8,9,10,11,12,13,14,15,16,17,18,19,20,21,22,23,24,25,26,27,28,29,30,31,32
6htrd3,acidwestern,0.0,-4.801976869580085e-06,-2.525136481739542e-06,-1.5822191441498603e-06,9.443805444502657e-07,5.0857231143701696e-06,-2.4801999325072026e-06,-3.6984880348798087e-06,-4.7638102598444115e-06,1.921457500824356e-06,3.9460857689688755e-06,-4.018581567443924e-06,1.846918580359176e-06,2.0085675093768853e-05,-5.993796213012951e-08,4.014586570802805e-06,-4.3794339183704265e-06,9.729732927020515e-08,8.946350876690523e-06,-5.316493179858219e-06,-2.626396384983825e-06,1.011847139273638e-06,-6.878210103768165e-07,-7.777514016537425e-06,-1.8872047500671985e-06,6.901707071211399e-07,-6.295911771233132e-06,2.113482826192957e-06,7.081545593072997e-07,2.9168668220441483e-06,3.8881204403979874e-06,0.986014492222078,0.0
6htrd3,JmmiP,0.0,-4.801683538692722e-06,-2.5251298056419483e-06,-1.5822354559260216e-06,9.44396137429702e-07,5.085701011224936e-06,-2.4802001246093085e-06,-3.6985019830063387e-06,-4.763818139522966e-06,1.9214870261088254e-06,3.941718998751374e-06,-4.018478806724717e-06,1.846951514510484e-06,2.0086445891117368e-05,-5.9264067333573174e-08,4.012913011471904e-06,-4.378760211421e-06,9.73057344394001e-08,8.945272699981343e-06,-5.315757925085637e-06,-2.6260708347694613e-06,1.0117474258207764e-06,-6.878319958686572e-07,-7.778633633762844e-06,-1.8867809840440243e-06,6.900412009089316e-07,-6.294241744939448e-06,2.112902058426722e-06,7.079265481471344e-07,2.9160790112775622e-06,3.887081632524201e-06,-0.9860144889418032,8.042940577366498e-05
6htrd3,K0stroun,0.0,0.04965299249357698,0.0021657883229871835,0.0010152679186711908,0.0008690555802688079,-0.004226185074740446,0.002449531094952421,0.003251395752612067,0.00408080228359157,8.491510777107144e-05,0.1989387388473849,1.1093826973174685e-06,5.590396740973329e-07,-8.099445089883777e-07,-2.5372222245929038e-06,7.622856381865107e-06,-2.7098252466027408e-06,0.00013134573602979077,0.0,0.0,0.0,0.0,0.0,0.0,0.0,0.0,0.0,0.0,0.0,0.0,0.0,0.0,0.0
6htrd3,Danibelle903,0.0,-0.07331362730830544,-0.0031982815951713674,-0.001500426550311709,-0.0012806181030567269,0.006244140522431864,-0.0036192915489066274,-0.004804300880580614,-0.00602914349178754,-0.00012183375713908923,-0.2937644273719968,-5.14253529743192e-06,2.5379044686339974e-06,3.992122671843859e-05,1.4907497165678809e-05,-3.3093218813039265e-05,9.744694252716227e-06,-0.00019035091130169152,8.6699764949814e-05,0.0,0.0,0.0,0.0,0.0,0.0,0.0,0.0,0.0,0.0,0.0,0.0,0.0,0.0
6htrd3,Graendal,1.0,0.1106314031947728,0.004819847007124015,0.002248996919923141,0.00194201553841258,-0.00942572704932103,0.0054595981676864936,0.007248751786028737,0.009101033668094321,0.00019401217138900992,0.443267642014268,0.0,0.0,0.0,0.0,0.0,0.0,0.0,0.0,0.0,0.0,0.0,0.0,0.0,0.0,0.0,0.0,0.0,0.0,0.0,0.0,0.0,0.0
6htrd3,Polaritical,0.0,-0.07563754075771459,-0.003292958595444641,-0.001535589366301349,-0.0013277759116304842,0.0064446154773803435,-0.0037326736779240382,-0.0049559922444988545,-0.00622243170906522,-0.00013260308808008426,-0.3030563696514217,1.114023541720956e-06,3.612303898319665e-07,-3.121988760371167e-06,-9.98278876463958e-07,7.105176112761235e-07,4.804452109829493e-07,9.090301480593771e-07,-8.957931824846645e-07,9.174661848904415e-07,7.584333166468466e-07,5.609189440668681e-07,7.811934950259409e-05,0.0,0.0,0.0,0.0,0.0,0.0,0.0,0.0,0.0,0.0
6htrd3,IceWaves,0.0,0.4841128125825492,0.0,0.0,0.0,0.0,0.0,0.0,0.0,0.0,0.0,0.0,0.0,0.0,0.0,0.0,0.0,0.0,0.0,0.0,0.0,0.0,0.0,0.0,0.0,0.0,0.0,0.0,0.0,0.0,0.0,0.0,0.0
6htrd3,yagsuomynona,1.0,-0.9682677704021422,-1.7861690158495607e-05,-8.447081878901654e-06,7.164645681158763e-06,4.0932080399037485e-05,-1.8751433602966243e-05,-2.888012860265221e-05,-3.763989169721295e-05,1.501954837281918e-05,3.2788688372168226e-05,-2.5925926933211644e-05,1.3560093849387648e-05,0.00027182804890688397,0.0,0.0,0.0,0.0,0.0,0.0,0.0,0.0,0.0,0.0,0.0,0.0,0.0,0.0,0.0,0.0,0.0,0.0,0.0
6htrd3,alaskafish,,0.0,0.0,0.0,0.0,0.0,0.0,0.0,0.0,0.0,0.0,0.0,0.0,0.0,0.0,0.0,0.0,0.0,0.0,0.0,0.0,0.0,0.0,0.0,0.0,0.0,0.0,0.0,0.0,0.0,0.0,0.0,0.0
6htrd3,ganner,,-1.8713127891897698e-06,9.885058361515373e-05,0.0,0.0,0.0,0.0,0.0,0.0,0.0,0.0,0.0,0.0,0.0,0.0,0.0,0.0,0.0,0.0,0.0,0.0,0.0,0.0,0.0,0.0,0.0,0.0,0.0,0.0,0.0,0.0,0.0,0.0
6htrd3,LukeBabbitt,,-1.056420423445718e-06,6.023961561814247e-06,9.406996607348066e-05,0.0,0.0,0.0,0.0,0.0,0.0,0.0,0.0,0.0,0.0,0.0,0.0,0.0,0.0,0.0,0.0,0.0,0.0,0.0,0.0,0.0,0.0,0.0,0.0,0.0,0.0,0.0,0.0,0.0
6htrd3,BrookeLovesBooks,,1.0731173163642357e-06,-6.8158508352919484e-06,-8.430888809375647e-05,9.078023620716604e-05,0.0,0.0,0.0,0.0,0.0,0.0,0.0,0.0,0.0,0.0,0.0,0.0,0.0,0.0,0.0,0.0,0.0,0.0,0.0,0.0,0.0,0.0,0.0,0.0,0.0,0.0,0.0,0.0
6htrd3,cigarusa,,5.6041916948262715e-06,-8.795511685132811e-05,2.8207889256441445e-06,3.1195779392115887e-06,0.00012902944904888137,0.0,0.0,0.0,0.0,0.0,0.0,0.0,0.0,0.0,0.0,0.0,0.0,0.0,0.0,0.0,0.0,0.0,0.0,0.0,0.0,0.0,0.0,0.0,0.0,0.0,0.0,0.0
6htrd3,Dd_8630,,-6.36986751219119e-06,8.547624663232958e-05,-3.3912126810165853e-06,-3.091312453664073e-06,-0.000125757237060451,5.924606121590548e-05,0.0,0.0,0.0,0.0,0.0,0.0,0.0,0.0,0.0,0.0,0.0,0.0,0.0,0.0,0.0,0.0,0.0,0.0,0.0,0.0,0.0,0.0,0.0,0.0,0.0,0.0
6htrd3,bunnylover726,,-7.5579009696186954e-06,8.25141082252203e-05,-4.041615718672388e-06,-3.1505645525430787e-06,-0.00012254539021121154,2.1419659134232428e-06,9.114640663714576e-05,0.0,0.0,0.0,0.0,0.0,0.0,0.0,0.0,0.0,0.0,0.0,0.0,0.0,0.0,0.0,0.0,0.0,0.0,0.0,0.0,0.0,0.0,0.0,0.0,0.0
6htrd3,idpark,,-9.880505284586202e-06,8.037893451936164e-05,-4.1066086960221685e-06,-3.399545910308586e-06,-0.00012050002077434363,3.909886409302618e-06,6.705980984977428e-06,0.00012680729488986363,0.0,0.0,0.0,0.0,0.0,0.0,0.0,0.0,0.0,0.0,0.0,0.0,0.0,0.0,0.0,0.0,0.0,0.0,0.0,0.0,0.0,0.0,0.0,0.0
6htrd3,skank-hunter42,,2.9522589246295777e-06,-8.50126658336979e-05,1.0814003395758312e-06,1.4962166981888613e-07,8.97663676046182e-06,-1.7244099774082318e-06,-2.542993312562569e-06,-2.94153741129589e-06,0.0001233030494838562,0.0,0.0,0.0,0.0,0.0,0.0,0.0,0.0,0.0,0.0,0.0,0.0,0.0,0.0,0.0,0.0,0.0,0.0,0.0,0.0,0.0,0.0,0.0
6htrd3,LithiumEnergy,,-2.7116528940989536e-06,5.706245349514701e-06,2.6916680647795445e-06,-1.0151885698150127e-06,-4.459650618029634e-06,7.651659823511425e-07,1.456509249255085e-06,2.181978423545103e-06,-1.0504385928079588e-06,2.102738862642244e-06,0.00012682763596188435,0.0,0.0,0.0,0.0,0.0,0.0,0.0,0.0,0.0,0.0,0.0,0.0,0.0,0.0,0.0,0.0,0.0,0.0,0.0,0.0,0.0
6htrd3,JaylieJoy,,3.1221150124822484e-06,-5.405052662459957e-06,-6.74775551688205e-07,1.2596669197150844e-06,8.624173217330716e-06,-1.4071555402160795e-06,-2.43176565232442e-06,-3.4131545587299394e-06,1.3038297010553815e-06,-1.8589821361626931e-06,-0.00011583031958568271,9.017528835255812e-05,0.0,0.0,0.0,0.0,0.0,0.0,0.0,0.0,0.0,0.0,0.0,0.0,0.0,0.0,0.0,0.0,0.0,0.0,0.0,0.0
6htrd3,SanguinolentPepsi,,-0.4841145047944573,1.3568990444675194e-06,-2.1808531693283904e-06,2.535508956765382e-06,8.69279171211656e-07,-1.9722750787776543e-06,-2.2580414822959967e-06,-1.8839611009160244e-06,3.2935747797299368e-06,4.491199051788442e-06,-5.203314800822181e-06,3.639859010111476e-06,-1.1047679160671705e-05,0.0001372132343937529,0.0,0.0,0.0,0.0,0.0,0.0,0.0,0.0,0.0,0.0,0.0,0.0,0.0,0.0,0.0,0.0,0.0,0.0
6htrd3,SirCarlo,,0.4841163164925243,-4.1666542042522224e-06,3.205981102286388e-06,-5.3850874249101645e-06,-2.5868616689004384e-06,4.507490328659974e-06,5.405172189071755e-06,4.674115878852718e-06,-7.473877075224458e-06,-1.9352946867870847e-05,9.379707122090613e-06,-6.985120497791219e-06,5.1593830069496176e-05,-0.00014015650534296358,0.00013245536364583688,0.0,0.0,0.0,0.0,0.0,0.0,0.0,0.0,0.0,0.0,0.0,0.0,0.0,0.0,0.0,0.0,0.0
6htrd3,newPhoenixz,,-0.484113095823925,-1.0534276504349072e-06,6.288096844379809e-07,-4.596149929268322e-07,1.7445982683874507e-06,-2.713909176591382e-07,-6.554392024353324e-07,-8.591484939678949e-07,-3.4453622934806e-07,3.94043767740828e-06,4.987118848535474e-07,-3.291186689189589e-07,-9.40671991156829e-06,3.125005380327758e-08,2.6948535721143104e-06,6.59584654698699e-05,0.0,0.0,0.0,0.0,0.0,0.0,0.0,0.0,0.0,0.0,0.0,0.0,0.0,0.0,0.0,0.0
6htrd3,speenatch,,0.07331040671896998,0.00319771747047587,0.0015011114576030109,0.001279128731370766,-0.006245241265249533,0.0036202112248996648,0.004805465221950937,0.006030206556731794,0.00011993025968758848,0.29376887960274023,6.676856377105331e-06,-3.818998631930525e-06,-6.15876226172136e-05,-2.047114514430068e-05,4.5137741474654386e-05,-1.3066398581997216e-05,0.00018955051725993652,-7.793183807010158e-05,9.076753558372442e-05,0.0,0.0,0.0,0.0,0.0,0.0,0.0,0.0,0.0,0.0,0.0,0.0,0.0
6htrd3,TheHatOnTheCat,,-2.7116528924936335e-06,5.706242330330479e-06,2.691665041744868e-06,-1.015189792793792e-06,-4.45964935067344e-06,7.651730673247815e-07,1.4565103748492936e-06,2.181980174584782e-06,-1.0504425596597743e-06,2.1027388035095586e-06,3.6285126698134834e-06,-1.460393838935019e-06,-1.1677414014359956e-05,-5.573344173427841e-06,7.298405128804522e-06,-1.03670917482039e-06,4.2215546488457157e-07,2.8996620646665798e-06,-2.349905044597243e-06,0.00012583352603511494,0.0,0.0,0.0,0.0,0.0,0.0,0.0,0.0,0.0,0.0,0.0,0.0
6htrd3,howdoireachthese,,3.122115010876928e-06,-5.405050253278504e-06,-6.747756924811212e-07,1.259668142693864e-06,8.62417494942825e-06,-1.4071480901695862e-06,-2.4317664503833847e-06,-3.4131536832101e-06,1.3038301033700494e-06,-1.8589822275698426e-06,-4.352233816151303e-06,2.4897208818825413e-06,1.5006536821301795e-05,7.76168537789571e-06,-1.0150740850419827e-05,1.270807401210074e-06,2.894448223671518e-07,-2.447275469817311e-06,2.5682644577051585e-06,-0.00011415201170759473,8.994254624089006e-05,0.0,0.0,0.0,0.0,0.0,0.0,0.0,0.0,0.0,0.0,0.0
6htrd3,Less3r,,-0.2397868665279557,-0.010439312989710495,-0.00487482171378303,-0.00421200613270708,0.02039651710302943,-0.011818643082433295,-0.015688549793834272,-0.01969533991568739,-0.00042933017820432896,-0.9608861943236244,2.2485524507449814e-05,-1.2535703235586689e-05,-0.0001103694664883362,9.262743407402103e-06,-4.218802667275021e-05,2.973768143807067e-05,-0.00019567843339103472,-4.278346756275142e-05,2.1973890391244602e-05,1.6781855554080625e-05,-7.519502754427063e-06,6.4957542483465065e-06,0.0001823415921372622,0.0,0.0,0.0,0.0,0.0,0.0,0.0,0.0,0.0
6htrd3,himyredditnameis,,-2.711652894786948e-06,5.706242330287063e-06,2.691660320882414e-06,-1.015189792793792e-06,-4.459647629790289e-06,7.65172972278894e-07,1.456507818529894e-06,2.1819828011443003e-06,-1.0504406961963085e-06,2.1027388527085356e-06,3.628510888484848e-06,-1.4603999948511512e-06,-1.1677414626237136e-05,-5.5733408229051594e-06,7.298406911459523e-06,-1.036710858035754e-06,4.221512038194719e-07,2.8996593012946887e-06,-2.34990120738526e-06,1.6611015338106648e-06,-4.005881906115281e-07,1.208417075328446e-06,1.1368671133832758e-05,0.0001253014337154577,0.0,0.0,0.0,0.0,0.0,0.0,0.0,0.0
6htrd3,clamdragon,,3.122115013399574e-06,-5.405049130098253e-06,-6.747745841680522e-07,1.259668142693864e-06,8.6241766703114e-06,-1.4071481852154738e-06,-2.4317629163747887e-06,-3.4131510566505816e-06,1.3038301660296759e-06,-1.8589823200963296e-06,-4.352234734665779e-06,2.4897208818825413e-06,1.5006540497157639e-05,7.761687292100869e-06,-1.0150742771293981e-05,1.2708107676408018e-06,2.8944573708844446e-07,-2.4472789620530344e-06,2.568268595759557e-06,-1.7932278983806846e-06,1.0676728728127927e-06,-4.527040165048169e-07,-1.3989913969802606e-05,-0.00011333589232149087,8.986122805141381e-05,0.0,0.0,0.0,0.0,0.0,0.0,0.0
6htrd3,aynrandomness,,-1.0482160957156453e-05,2.8663410086457285e-06,-1.7784980288159507e-06,-1.378380246844357e-06,-1.331097297884816e-05,2.4183959579711792e-06,3.396052706400504e-06,3.620082797263089e-06,-7.946459840002872e-07,1.012835658645572e-05,5.34018052562763e-06,-5.255252661343983e-06,-3.5943977756313344e-05,-1.2633049427720654e-05,2.0939468972766448e-05,-8.835801719773972e-06,-2.062074133046448e-06,8.765264634341035e-06,-8.410232935281253e-06,-3.6718624253211713e-07,-2.1476153004996817e-06,1.3030464504378063e-06,3.3366470726144016e-05,-3.4106709556865897e-06,-7.653955490329387e-07,0.00011324655153974932,0.0,0.0,0.0,0.0,0.0,0.0
6htrd3,ubernerd83,,1.165883141754617e-05,-3.6040098047714998e-06,1.5290555564562192e-06,1.6343411445034124e-06,1.447531980170506e-05,-2.7107076031950563e-06,-3.8858144116433774e-06,-4.211527092003033e-06,1.0651048187492151e-06,-1.138677505248042e-05,-5.9706278329190335e-06,5.867719531554343e-06,4.0421472303323877e-05,1.4298017613382825e-05,-2.3734701761585935e-05,9.797895640725106e-06,2.0398628039076267e-06,-9.985823387755952e-06,9.29795229714887e-06,4.611340976990455e-07,2.367070362603389e-06,-1.5759575644553086e-06,-3.7644639347588646e-05,3.895265653003966e-06,8.087455852355644e-07,-0.00010749897758886551,5.932289429123568e-05,0.0,0.0,0.0,0.0,0.0
6htrd3,cheertina,,1.0695904244691892e-05,-3.6605891922567568e-06,1.0318264290201175e-06,1.5976004160152485e-06,1.323000818598708e-05,-2.538477603594749e-06,-3.6628741934908166e-06,-3.960991836826612e-06,1.0881757586011392e-06,-1.0520007992203464e-05,-5.651894304573178e-06,5.4696299782880685e-06,3.699478926830759e-05,1.3113191957403707e-05,-2.1602775110730965e-05,8.914247971811616e-06,1.844239115864233e-06,-9.26861420164476e-06,8.569004368376714e-06,2.3768190117888032e-07,2.268351051062706e-06,-1.5967699083851948e-06,-3.4592385714363705e-05,3.3967810130519327e-06,8.368787395107658e-07,-0.00011336914687023516,-1.89788139771204e-07,3.5576654803311826e-05,0.0,0.0,0.0,0.0
6htrd3,Bryek,,1.2573899406367945e-05,-3.6493745483823563e-06,1.8307238966878845e-06,1.673903285035455e-06,1.535336115654081e-05,-2.7926128302892053e-06,-3.995687808048114e-06,-4.377846969343012e-06,1.0651051362232338e-06,-1.2156670741088505e-05,-6.234388901401191e-06,6.102370742688846e-06,4.35066058852267e-05,1.533116857428999e-05,-2.5627362435958216e-05,1.0528207439627375e-05,2.3145176551677462e-06,-1.0756134100788547e-05,1.000678152609907e-05,6.835370029983416e-07,2.3351120943839612e-06,-1.5533592739409848e-06,-4.0324136297280464e-05,4.358459458727268e-06,6.662098800249072e-07,-0.00010226399477822696,-1.6167221939188637e-06,-1.5128549637021758e-07,7.533847349863283e-05,0.0,0.0,0.0
6htrd3,psycho1social,,1.3834117126205094e-05,-3.769971650630512e-06,2.2107171815555217e-06,1.749811131909943e-06,1.665096392045432e-05,-2.947185218123917e-06,-4.213700597091693e-06,-4.684956565504735e-06,1.096014247745995e-06,-1.3199965409515688e-05,-6.661509272182655e-06,6.495358272664595e-06,4.767133405830281e-05,1.6670692886294237e-05,-2.809770188477896e-05,1.158399922702905e-05,2.752305186869283e-06,-1.1815027412152686e-05,1.1004154077899734e-05,9.092753883774059e-07,2.371252165316528e-06,-1.5199158418569646e-06,-4.388356769813517e-05,4.904901674542709e-06,5.549109001907943e-07,-9.591720797197823e-05,-2.5808870811195275e-06,-1.1555371137031696e-07,-3.5917336573071565e-06,8.999836386959266e-05,0.0,0.0
