tree_id,username,label,1,2,3,4,5,6,7,8,9,10,11,12,13,14,15,16,17,18,19,20,21,22
5w8u02,ShiningConcepts,0.0,-2.287417799098832e-05,0.0001783670342480916,0.0,0.0,0.0,0.0,0.0,0.0,0.0,0.0,0.0,0.0,0.0,0.0,0.0,0.0,0.0,0.0,0.0,0.0,0.0,0.0
5w8u02,502000,0.0,0.00017426488306790093,0.0,0.0,0.0,0.0,0.0,0.0,0.0,0.0,0.0,0.0,0.0,0.0,0.0,0.0,0.0,0.0,0.0,0.0,0.0,0.0,0.0
5w8u02,TBFProgrammer,0.0,2.2035725710972705e-05,2.0271253479739663e-05,1.0307855546631053e-05,1.3182912847659504e-05,9.646412550030722e-06,1.6868350902041604e-05,5.680811331834044e-06,-6.5567558908591035e-06,9.807670972814993e-06,-7.532767476351514e-06,7.013186589160772e-06,5.885925044176551e-06,6.995202103854976e-06,6.6396326894884765e-06,6.541948682747923e-06,-1.0368470091738993e-05,3.1208664110062023e-06,0.00029664685816036023,0.0,0.0,0.0,0.0
5w8u02,elliptibang,1.0,1.745036297564257e-05,-8.123891951931591e-05,-1.2206995805696603e-06,1.2198810593062417e-05,3.8755016351439597e-07,-0.00010150462768833888,1.7614951541300683e-05,-1.3742429427637255e-05,2.35936980212953e-06,-5.574235669790606e-06,1.4424192180519187e-05,3.0599069873268427e-06,-2.9963171554020533e-05,-1.8389129900351915e-05,1.6192189136349008e-05,2.2584583823957402e-05,-3.0669621845895214e-06,-3.0348651298940204e-06,0.00010254680017350244,0.0,0.0,0.0
5w8u02,ACrusaderA,0.0,5.943531489591737e-06,-3.751755387012775e-06,7.515072660587912e-06,0.00016580980994273026,0.0,0.0,0.0,0.0,0.0,0.0,0.0,0.0,0.0,0.0,0.0,0.0,0.0,0.0,0.0,0.0,0.0,0.0
5w8u02,grandoz039,0.0,5.192011326643639e-06,1.8466096269967776e-05,5.522037665990825e-06,1.2436842253854058e-06,5.3600279524618635e-06,1.3487495390732786e-05,1.1131062135978358e-06,5.994493324380545e-06,-4.015458715336039e-06,2.902152030320248e-06,3.1955867283250545e-06,3.1304806535583683e-06,5.018627672700649e-06,0.00017740382012406937,0.0,0.0,0.0,0.0,0.0,0.0,0.0,0.0
5w8u02,Ndvorsky,0.0,5.581585098120886e-06,8.435261938769269e-06,4.588676801723674e-06,-6.446539042501619e-07,5.494430619500728e-06,-6.257013898252549e-06,-1.3288317985086486e-06,4.463131937613814e-06,-5.6620185664655225e-06,3.068982544693525e-06,5.39702112987684e-06,2.862588419647948e-06,0.00011449885499301782,0.0,0.0,0.0,0.0,0.0,0.0,0.0,0.0,0.0
5w8u02,BlitzBasic,0.0,-6.484648432459767e-06,3.4856615008670834e-05,2.3040063410101745e-06,-2.852610215493751e-06,1.3438465946681423e-06,4.339395145370808e-05,-6.71738416608206e-06,1.0894179520830048e-05,-4.6750557171329525e-06,4.340648807657003e-06,-4.582542747557975e-06,4.1704042964476683e-07,1.3783472396099235e-05,7.9605386612868e-06,-5.398175461300921e-06,-9.09758450987359e-06,3.624003952234168e-06,3.586078193771656e-06,-3.249245156410393e-05,3.5226078941483633e-06,-7.867260359779657e-06,0.00012863709023852455
5w8u02,Cloudhwk,0.0,3.3768997867510638e-06,1.0804172126625402e-05,3.755620720057026e-06,8.932034019064858e-06,0.00020800303826401534,0.0,0.0,0.0,0.0,0.0,0.0,0.0,0.0,0.0,0.0,0.0,0.0,0.0,0.0,0.0,0.0,0.0
5w8u02,smeshsle,1.0,3.637802404458505e-05,3.633275559601384e-05,4.3924583570355274e-06,2.604273241323304e-05,5.602022421618583e-06,2.0104097362151418e-05,3.822864191915292e-06,7.230674823645523e-05,-0.00013423515315811823,0.00017375131045716332,0.0,0.0,0.0,0.0,0.0,0.0,0.0,0.0,0.0,0.0,0.0,0.0
5w8u02,electronics12345,0.0,4.781377674515096e-05,4.2877206201395534e-05,1.219948419885481e-05,2.459746892495965e-05,1.3330630504716929e-05,3.1037161510757576e-05,9.786129701006343e-06,0.0002827896488956234,0.0,0.0,0.0,0.0,0.0,0.0,0.0,0.0,0.0,0.0,0.0,0.0,0.0,0.0
5w8u02,Tallblondebimbo,1.0,-4.238891754034757e-05,-4.458610480804816e-05,-7.113171747250499e-06,-2.8735313247352985e-05,-8.189014582562407e-06,-3.530584625899518e-05,-4.470224410455991e-06,-0.0001323136159761507,0.00022105253197144648,0.0,0.0,0.0,0.0,0.0,0.0,0.0,0.0,0.0,0.0,0.0,0.0,0.0
5w8u02,sevenkindsofgender,,0.0,0.0,0.0,0.0,0.0,0.0,0.0,0.0,0.0,0.0,0.0,0.0,0.0,0.0,0.0,0.0,0.0,0.0,0.0,0.0,0.0,0.0
5w8u02,elementop,,6.415268127203075e-06,1.388440040720983e-05,0.00023956370580082104,0.0,0.0,0.0,0.0,0.0,0.0,0.0,0.0,0.0,0.0,0.0,0.0,0.0,0.0,0.0,0.0,0.0,0.0,0.0
5w8u02,Sheairah,,9.73157619268108e-05,8.156763244618975e-05,4.501198747230539e-05,-0.00011806374191849743,5.344945388471432e-05,0.00031934361944139437,0.0,0.0,0.0,0.0,0.0,0.0,0.0,0.0,0.0,0.0,0.0,0.0,0.0,0.0,0.0,0.0
5w8u02,SodaPalooza,,-1.5800026316015512e-06,1.9309238733855102e-06,3.1501743435136656e-07,1.8828489439480494e-06,-7.968476803974078e-06,1.2016233070404939e-05,8.401323840507293e-05,0.0,0.0,0.0,0.0,0.0,0.0,0.0,0.0,0.0,0.0,0.0,0.0,0.0,0.0,0.0
5w8u02,-AragornElessar-,,6.415267490113717e-06,1.3884399784772488e-05,5.208226549242652e-06,1.0621797943797997e-05,3.77531055771586e-06,3.632785000449294e-05,-4.197123509846939e-06,5.166312010566227e-06,2.7890331193561747e-06,1.0451736443491932e-07,0.0002363572694437664,0.0,0.0,0.0,0.0,0.0,0.0,0.0,0.0,0.0,0.0,0.0
5w8u02,DRU-ZOD1980,,4.1907852640357495e-06,5.723794382933758e-06,3.5005728162359377e-06,4.2611119616590935e-06,3.272295826420508e-06,7.904603514184488e-06,-1.1109099921145331e-07,3.4358294685313742e-06,-1.4148006773351606e-06,1.534511810219757e-06,1.951177149130362e-06,0.00015188987507315412,0.0,0.0,0.0,0.0,0.0,0.0,0.0,0.0,0.0,0.0
5w8u02,ReallyBigMidgets,,6.415268127203075e-06,1.3884400601624243e-05,5.208227791062006e-06,1.0621798613374196e-05,3.77530926441132e-06,3.632784935835301e-05,-4.1971198010226905e-06,5.166312010566227e-06,2.7890331342328384e-06,1.0451836568828149e-07,-1.1774887862317094e-06,3.05137326919306e-06,1.1120156100431889e-05,3.9103045079338166e-06,0.00023604049117385826,0.0,0.0,0.0,0.0,0.0,0.0,0.0
5w8u02,yyzjertl,,8.960171897491733e-06,-0.00017441603813986019,-8.85587970972046e-06,1.3851589806812908e-07,-8.987892695396796e-06,1.6441278027901866e-05,-9.289707500216533e-06,-9.99695299844558e-06,1.0751534930527763e-05,-5.016430886097381e-06,-1.1241643701920467e-05,-3.4915252734564208e-06,7.57477852829197e-06,-1.9646460064864777e-06,-1.1591983186229553e-05,0.00017064708457514374,0.0,0.0,0.0,0.0,0.0,0.0
5w8u02,Vicious43,,2.2035726348062065e-05,2.027125293900405e-05,1.0307855097474487e-05,1.3182912847659504e-05,9.646412550030722e-06,1.6868350554383802e-05,5.6808100600729824e-06,-6.5567558908591035e-06,9.807670470571018e-06,-7.532768503342903e-06,7.013186595541423e-06,5.885925044176551e-06,6.995201134218184e-06,6.63963271691881e-06,6.5419482576214935e-06,-1.0368469426665113e-05,0.00029666327426245976,0.0,0.0,0.0,0.0,0.0
5w8u02,I_Argue_On_Reddit,,3.412986375543045e-05,1.9207240306459167e-05,1.0580355195373084e-05,1.6742784350831084e-05,1.09019299745291e-05,1.0604559840256461e-05,8.147664507084729e-06,-1.971317496605788e-05,2.0596359396552768e-05,-1.5460866931343727e-05,8.273661127722699e-06,6.5498256558618035e-06,5.713897915142041e-06,7.032195641309973e-06,7.85567976904155e-06,-1.0024292925059958e-05,-1.8315594272333816e-06,-1.812391582567312e-06,-2.316497670713977e-05,0.0002830618367064148,0.0,0.0
5w8u02,DefiantWhore,,-7.83217855895126e-05,-2.6291129573638355e-05,-3.5129694320135324e-05,-9.153229186307753e-06,-3.6635618278952474e-05,3.0082516458895758e-05,-3.7175298903895744e-05,-2.5645755779967426e-07,1.973588930559127e-06,1.0211109243767513e-05,-3.9141638811323667e-05,-1.3790196128412085e-05,1.8935680181973493e-05,-1.0118949934617622e-05,-3.99356060024188e-05,-2.188979592058715e-05,-1.1857767423603415e-05,-1.173367468003558e-05,0.00015508717111885142,-0.00024030744703644482,0.00020707559916592904,0.0
